{"assets/logo_app.png":["assets/logo_app.png"],"packages/cupertino_icons/assets/CupertinoIcons.ttf":["packages/cupertino_icons/assets/CupertinoIcons.ttf"],"packages/font_awesome_flutter/lib/fonts/fa-brands-400.ttf":["packages/font_awesome_flutter/lib/fonts/fa-brands-400.ttf"],"packages/font_awesome_flutter/lib/fonts/fa-regular-400.ttf":["packages/font_awesome_flutter/lib/fonts/fa-regular-400.ttf"],"packages/font_awesome_flutter/lib/fonts/fa-solid-900.ttf":["packages/font_awesome_flutter/lib/fonts/fa-solid-900.ttf"],"packages/supabase_auth_ui/assets/logos/google_light.png":["packages/supabase_auth_ui/assets/logos/google_light.png"],"packages/supabase_auth_ui/assets/logos/kakao.png":["packages/supabase_auth_ui/assets/logos/kakao.png"],"packages/supabase_auth_ui/assets/logos/keycloak.png":["packages/supabase_auth_ui/assets/logos/keycloak.png"],"packages/supabase_auth_ui/assets/logos/notion.png":["packages/supabase_auth_ui/assets/logos/notion.png"],"packages/supabase_auth_ui/assets/logos/workOS.png":["packages/supabase_auth_ui/assets/logos/workOS.png"]}